english	peninsular	neutral
I need to turn on the computer.	ordenador	computadora|computador
My cell phone is broken.	móvil|teléfono móvil	celular
She drank the orange juice.	zumo	jugo
We parked the car on the street.	aparcar|aparcamos|coche	estacionar|estacionamos|auto|carro
He bought five kilos of potatoes.	patatas	papas
Put the milk in the fridge.	nevera	refrigerador|refri
The plumber fixed the pipe.	fontanero	plomero
I lost my glasses yesterday.	gafas	lentes|anteojos
Take the elevator to the fourth floor.	ascensor	elevador
She ate a slice of cake.	tarta	pastel
He bought a bus ticket.	billete	boleto|pasaje
I like peaches in the summer.	melocotón|melocotones	durazno|duraznos
The waiter brought the menu.	camarero	mesero
He forgot his swimsuit.	bañador	traje de baño
I need to buy socks.	calcetines	medias
Do you have a match to light this?	cerilla	cerillo|fósforo
She learned to drive last year.	NONE_SENTINEL	manejar|conducir
My laptop is very light.	portátil	laptop|computadora portátil
We need to catch the bus.	coger	tomar|agarrar|alcanzar
Catch the ball!	coge|coged	atrapa|atrapen|agarra|agarren|toma|tomen
You all need to sit down now.	vosotros|sentaos|debéis|tenéis	ustedes|siéntense|deben|tienen|necesitan|sentarse
Do you all have your tickets?	vosotros|tenéis|vuestros	ustedes|tienen|sus
Come here, all of you.	venid	vengan
You all are very welcome.	sois|vosotros	son|ustedes
Where are you all going?	vais|vosotros	van|ustedes
Tell me what you all think.	penséis|pensáis|vosotros	piensan|ustedes
You all can leave now.	podéis	pueden
Did you all finish your homework?	terminasteis|vuestros	terminaron|sus
